{"0": 0.5044959772834832, "1": 56.10526315789474}